<?xml version="1.0" encoding="UTF-8" standalone="yes"?>
<manifest>
  <control namespace="CFM" constructor="PCFLookupInformationPanel" version="0.3.5" display-name-key="PCFLookupInformationPanel" description-key="PCFLookupInformationPanel description" control-type="standard" api-version="1.3.4">
    <external-service-usage enabled="false"/>
    <property name="BoundLookupField" display-name-key="BoundLookupField" description-key="Property_Desc_Key" of-type="Lookup.Simple" usage="bound" required="true"/>
    <property name="Fields" display-name-key="Fields" description-key="Property_Desc_Key" of-type="SingleLine.Text" usage="input" required="false"/>
    <property name="Lists" display-name-key="Lists" description-key="Property_Desc_Key" of-type="SingleLine.Text" usage="input" required="false"/>
    <resources>
      <code path="bundle.js" order="1"/>
    </resources>
    <feature-usage>
      <uses-feature name="Utility" required="true"/>
      <uses-feature name="WebAPI" required="true"/>
    </feature-usage>
    <built-by name="pac" version="1.16.6"/>
  </control>
</manifest>